k2means,k3means
0.06517834672292744,0.10667134714341042
0.06298296715687268,0.183896943051977
0.01431808183859773,0.1911701433811197
